Batch	Gene_id	Date anticipated	Latest email sent (MJ)	GW_title	corresponding author	Journal state	status	Pubmed	Gene Wiki Status	Gene Wiki Page	Notes	Acknowledgements	Grant ID	Editor	Correspondance status	Survey	Responding IP	PMCID
	653509	July--COMPLETE	7/18/2012	SFTPA1	Floros	published	http://www.sciencedirect.com/science/article/pii/S0378111912012206	http://www.ncbi.nlm.nih.gov/pubmed/23069847	Complete	http://en.wikipedia.org/wiki/Pulmonary_surfactant-associated_protein_A1	Completed along with SFTPA2	 						3570704
	729238	July--COMPLETE	7/18/2012	SFTPA2	Floros	published	http://www.sciencedirect.com/science/article/pii/S0378111912012206	http://www.ncbi.nlm.nih.gov/pubmed/23069847	Complete	http://en.wikipedia.org/wiki/SFTPA2	Completed along with SFTPA1					sabbatical		3570704
	406947	July (end)	7/18/2012	MIR155	Elton	published	http://www.sciencedirect.com/science/article/pii/S0378111912015120	http://www.ncbi.nlm.nih.gov/pubmed/23246696	Complete	http://en.wikipedia.org/wiki/MiR-155	--					delivery failed		NIHMS ID 909445
	2053	Unknown	7/18/2012	EPHX2	Hammock	published	http://www.sciencedirect.com/science/article/pii/S0378111913006173	http://www.ncbi.nlm.nih.gov/pubmed/23701967	Complete	http://en.wikipedia.org/wiki/Epoxide_hydrolase_2	--					completed	169.237.169.94	3881560
	3980	Early August	7/18/2012	LIG3	Tomkinson	published	http://www.sciencedirect.com/science/article/pii/S0378111913011219	http://www.ncbi.nlm.nih.gov/pubmed/24013086	Complete	http://en.wikipedia.org/wiki/LIG3	--					sent		3733540
	3832	End of October		KIF11	Kim	published	http://www.sciencedirect.com/science/article/pii/S0378111913010202	http://www.ncbi.nlm.nih.gov/pubmed/23954229	Complete	http://en.wikipedia.org/wiki/Kinesin_family_member_11	--					completed	24.252.93.148	3801170
2	23327	10/17/2014	12/2/2014	NEDD4L	Dr. Sharad Kumar	published	http://www.sciencedirect.com/science/article/pii/S0378111914013286	http://www.ncbi.nlm.nih.gov/pubmed/25433090	Complete	http://en.wikipedia.org/wiki/NEDD4L	--			Andrew	Archived 2015.05	completed	1.124.49.3	6636357
2*	4734	10/17/2014	12/2/2014	NEDD4	Dr. Sharad Kumar	published	http://www.sciencedirect.com/science/article/pii/S0378111914014164	http://www.ncbi.nlm.nih.gov/pubmed/25527121	Complete	http://en.wikipedia.org/wiki/NEDD4	--			Andrew	Archived 2015.05			6639052
1	9564	12/1/2014	12/17/2014	BCAR1	Dr. Sara Cabodi	published	http://www.sciencedirect.com/science/article/pii/S0378111915001754	http://www.ncbi.nlm.nih.gov/pubmed/25727852	Complete	http://en.wikipedia.org/wiki/BCAR1	--			Andrew	Archived 2015.05	sent again		6639054
2	10381	12/15/2014	1/12/2015	TUBB3	Dr. Ferlini	published	http://www.sciencedirect.com/science/article/pii/S0378111915003674	http://www.ncbi.nlm.nih.gov/pubmed/25839941	Complete	http://en.wikipedia.org/wiki/TUBB3	--	Template used		Andrew	Archived 2015.05	sent again		6649683
1*	4739	1/16/2015	1/15/2015	NEDD9	Dr. Erica Golemis	published	http://www.sciencedirect.com/science/article/pii/S0378111915005715	http://www.ncbi.nlm.nih.gov/pubmed/25967390	Complete	https://en.wikipedia.org/wiki/NEDD9	--	Template used	GM089820	Andrew	Archived 2015.05	completed	131.249.80.212	4458429
4	8048	3/6/2015	3/6/2015	CSRP3	Dr. Despina Sanoudou	published	http://www.sciencedirect.com/science/article/pii/S0378111915005193	http://www.ncbi.nlm.nih.gov/pubmed/25936993	Complete	http://en.wikipedia.org/wiki/CSRP3	"Cardiac Gene - submission not linked to proposal, so keep an eye out"	Template used	GM089820	Andrew	Archived 2015.05	completed	141.255.39.0	6660132
5	5444	5/1/2015	3/17/2015	PON1	Dr. Mike Mackness	published	http://www.sciencedirect.com/science/article/pii/S0378111915005739	http://www.ncbi.nlm.nih.gov/pubmed/25965560	Complete	http://en.wikipedia.org/wiki/PON1 	Cardiac Gene	Template used	GM089820	Andrew	Archived 2015.05	completed	83.52.194.255	4458450
3	8260	12/15/2014	12/17/2014	NAA10	Dr. Gholson J. Lyon	published	http://www.sciencedirect.com/science/article/pii/S0378111915005703	http://www.ncbi.nlm.nih.gov/pubmed/25987439	Complete	http://en.wikipedia.org/wiki/N-alpha-acetyltransferase_10	--	Template used	GM089820	Andrew	Archived 2015.05	sent again		4461483
3	80155	12/15/2014	12/17/2014	NAA15	Dr. Gholson J. Lyon	published	http://www.sciencedirect.com/science/article/pii/S0378111915005703	http://www.ncbi.nlm.nih.gov/pubmed/25987439	Complete	http://en.wikipedia.org/wiki/NAA15	--	Template used	GM089820	Andrew	Archived 2015.05			4461483
3	3440	3/30/2015	3/9/2015	IFNA2	Dr. Gilles Uze	published	http://www.sciencedirect.com/science/article/pii/S0378111915005727	http://www.ncbi.nlm.nih.gov/pubmed/25982860	Complete	http://en.wikipedia.org/wiki/IFNA2	--	Template used	GM089820	Andrew	Archived 2015.05	completed	162.38.196.202	5629289
2	2072	3/2/2015	3/2/2015	ERCC4	Dr. Richard Wood	published	http://www.sciencedirect.com/science/article/pii/S0378111915007349	http://www.ncbi.nlm.nih.gov/pubmed/26074087	Complete	http://en.wikipedia.org/wiki/ERCC4		"Template used, link omitted"	GM089820	Andrew		completed	143.111.84.178	4536074
2*	2067	3/2/2015	3/2/2015	ERCC1	Dr. Richard Wood	published	http://www.sciencedirect.com/science/article/pii/S0378111915007349	http://www.ncbi.nlm.nih.gov/pubmed/26074087	Complete	http://en.wikipedia.org/wiki/ERCC1		"Template used, link omitted"	GM089820	Andrew				4536074
4	17906	9/19/2014	2/13/2015	Myl2	Dr. Ju Chen	published	http://www.sciencedirect.com/science/article/pii/S0378111915007350	http://www.ncbi.nlm.nih.gov/pubmed/26074085	Complete	http://en.wikipedia.org/wiki/MYL2	Cardiac Gene	"template used, link omitted"	GM089820	Andrew		sent again		4496279
2	3320	2/18/2015	2/27/2015	HSP90AA1	Dr. Len Neckers	published	http://www.sciencedirect.com/science/article/pii/S037811191500726X	http://www.ncbi.nlm.nih.gov/pubmed/26071189	Complete	"http://en.wikipedia.org/wiki/Heat_shock_protein_90kDa_alpha_%28cytosolic%29,_member_A1"	"Submission not linked to proposal, so keep an eye out for it"	Template used	GM089820	Andrew		sent again		4519370
4	230899	4/6/2015	4/6/2015	NPPA	Dr. Qingyu Wu	published	http://www.sciencedirect.com/science/article/pii/S0378111915007374	http://www.ncbi.nlm.nih.gov/pubmed/26074089	Complete 	http://en.wikipedia.org/wiki/Atrial_natriuretic_peptide	Cardiac Gene	Template used	GM089820	Andrew		completed	139.137.128.43	4496260
1	3486	11/7/2014	12/8/2014	IGFBP3	Dr. Robert Baxter	published	http://www.sciencedirect.com/science/article/pii/S0378111915007362	http://www.ncbi.nlm.nih.gov/pubmed/26074086	Complete	http://en.wikipedia.org/wiki/IGFBP3	"Submission not linked to proposal, so keep an eye out for it"	Template used	GM089820	Andrew		completed	129.78.233.211	4496269
5	9992	3/30/2015	4/3/2015	KCNE2	Dr. Geoffrey W. Abbott	published	http://www.sciencedirect.com/science/article/pii/S0378111915007714	http://www.ncbi.nlm.nih.gov/pubmed/26123744	Complete	http://en.wikipedia.org/wiki/KCNE2	Cardiac Gene	Template used	GM089820	Andrew		completed	128.200.162.67	4917011
1*	57091	5/11/2015	5/15/2015	CASS4	Dr. Erica Golemis	published	http://www.sciencedirect.com/science/article/pii/S0378111915007726	http://www.ncbi.nlm.nih.gov/pubmed/26119091	Complete	http://en.wikipedia.org/wiki/CASS4	"Submission not linked to proposal, so keep an eye out for it"	Template used	GM089820	Andrew				4519417
1*	10278	5/11/2015	5/15/2015	EFS	Dr. Erica Golemis	published	http://www.sciencedirect.com/science/article/pii/S0378111915007726	http://www.ncbi.nlm.nih.gov/pubmed/26119091	Complete	http://en.wikipedia.org/wiki/Embryonal_fyn-associated_substrate	reviewed with CASS4 as one paper	Template used	GM089820	Andrew				4519417
2	10411	6/8/2015		RAPGEF3	Dr. Xiaodong Cheng	published	http://www.sciencedirect.com/science/article/pii/S0378111915007738	http://www.ncbi.nlm.nih.gov/pubmed/26119090	Complete	http://en.wikipedia.org/wiki/RAPGEF3		Template used	GM089820	Andrew		completed	139.52.28.226	4556420
5	2274	3/30/2015	4/1/2015	FHL2	Dr. Stephen Kwok-Wing Tsui	published	http://www.sciencedirect.com/science/article/pii/S0378111915008689	http://www.ncbi.nlm.nih.gov/pubmed/26211626	Complete	http://en.wikipedia.org/wiki/FHL2 	Cardiac Gene	Template used	GM089820	Andrew		completed	137.189.204.86	5975090
5	7134	4/17/2015	4/20/2015	TNNC1	Dr. Peter Hwang	published	http://www.sciencedirect.com/science/article/pii/S0378111915009154	http://www.ncbi.nlm.nih.gov/pubmed/26232335	Complete	http://en.wikipedia.org/wiki/Troponin_C_type_1 	Cardiac Gene	Template used	GM089820	Andrew		completed	129.128.6.170	4567495
1	2052	12/29/2014	1/12/2015	EPHX1	Dr. Pavel Soucek	published	http://www.sciencedirect.com/science/article/pii/S0378111915009129	http://www.ncbi.nlm.nih.gov/pubmed/26216302	Complete	https://en.wikipedia.org/wiki/EPHX1	--	Template used	GM089820	Andrew		completed	77.87.240.6	4544754
1	246	4/13/2015		ALOX15	Dr. Hartmut Kuhn	published	http://www.sciencedirect.com/science/article/pii/S0378111915009142	http://www.ncbi.nlm.nih.gov/pubmed/26216303	Complete	http://en.wikipedia.org/wiki/ALOX15 		Template used	GM089820	Andrew		completed	193.175.73.216	6728142
3	8451	6/19/2015	6/17/2015	CUL4A	Dr. Peng-bo Zhou	published	http://www.sciencedirect.com/science/article/pii/S0378111915010628	http://www.ncbi.nlm.nih.gov/pubmed/26344709	Complete	http://en.wikipedia.org/wiki/CUL4A		Template used	GM089820	Andrew		sent again		5110433
3*	8450	6/19/2015	6/17/2015	CUL4B	Dr. Peng-bo Zhou	published	http://www.sciencedirect.com/science/article/pii/S0378111915010628	http://www.ncbi.nlm.nih.gov/pubmed/26344709	Complete	http://en.wikipedia.org/wiki/CUL4B		Template used	GM089820	Andrew				5110433
1	3326	3/16/2015	3/17/2015	HSP90AB1	Dr. Haase	published	http://www.sciencedirect.com/science/article/pii/S0378111915010616	http://www.ncbi.nlm.nih.gov/pubmed/26358502	Complete	http://en.wikipedia.org/wiki/HSP90AB1 		Template used	GM089820	Andrew		completed	141.76.249.179	5675009
5	6331	12/18/2014	5/26/2015	SCN5A	Dr. Arthur Wilde	published	http://www.sciencedirect.com/science/article/pii/S0378111915010604	http://www.ncbi.nlm.nih.gov/pubmed/26361848	Complete	http://en.wikipedia.org/wiki/Nav1.5	Cardiac Gene. 	Template used	GM089820	Andrew		sent again		6636349
5	4607	5/29/2015	6/3/2015	MYBPC3	Dr. Lucie Carrier	published	http://www.sciencedirect.com/science/article/pii/S0378111915010884	http://www.ncbi.nlm.nih.gov/pubmed/26358504	Complete	"http://en.wikipedia.org/wiki/Myosin_binding_protein_C,_cardiac"	Cardiac Gene	Template used		Andrew		completed	134.100.99.134	6639799
2*	11069	6/22/2015	6/18/2015	RAPGEF4	Dr. Susumu Seino	published	http://www.sciencedirect.com/science/article/pii/S0378111915011385	http://www.ncbi.nlm.nih.gov/pubmed/26390815	Complete	http://en.wikipedia.org/wiki/RAPGEF4	Cardiac Gene	Template used	GM089820	Andrew		completed	133.30.193.159	6636354
4	26416	12/29/2014	1/12/2015	Mapk14	Dr. Yibin Wang	published	http://www.sciencedirect.com/science/article/pii/S0378111915011397	http://www.ncbi.nlm.nih.gov/pubmed/26390817	Complete	http://en.wikipedia.org/wiki/MAPK14	Cardiac Gene	Template used	GM089820	Andrew		sent again		4860190
5*	3753	7/31/2015	7/26/2015	KCNE1	Dr. Geoffrey W. Abbott	published	http://www.sciencedirect.com/science/article/pii/S0378111915011683	http://www.ncbi.nlm.nih.gov/pubmed/26410412	Complete	https://en.wikipedia.org/wiki/KCNE1	Cardiac Gene	Template used	GM089820	Andrew		completed	128.200.162.67	4917010
5*	10008	7/31/2015	7/26/2015	KCNE3	Dr. Geoffrey W. Abbott	published	http://www.sciencedirect.com/science/article/pii/S0378111915011683	http://www.ncbi.nlm.nih.gov/pubmed/26410412	Complete	https://en.wikipedia.org/wiki/KCNE3	Cardiac Gene	Template Used	GM089820	Andrew				4917010
5	4846	5/30/2015	4/30/2015	NOS3	Dr. Jose E Tanus-Santos	published	http://www.sciencedirect.com/science/article/pii/S0378111915011701	http://www.ncbi.nlm.nih.gov/pubmed/26428312	Complete	http://en.wikipedia.org/wiki/Endothelial_NOS	Cardiac Gene	Template used	GM089820	Andrew		sent again		6728140
3	3439	2/27/2015	3/9/2015	IFNA1	Dr. Timothy Niewold	published	http://www.sciencedirect.com/science/article/pii/S0378111915011671	http://www.ncbi.nlm.nih.gov/pubmed/26410416	"Updated, but too broad"	http://en.wikipedia.org/wiki/Interferon_alpha_1		Template used		Andrew		sent again		4666791
5	3077	5/31/2015	6/1/2015	HFE	Dr. Ronald Acton	published	http://www.sciencedirect.com/science/article/pii/S0378111915012172	http://www.ncbi.nlm.nih.gov/pubmed/26456104	Complete	http://en.wikipedia.org/wiki/HFE_(gene)	Cardiac Gene	Template used	GM089820	Andrew		completed	204.15.51.10	6660136
4*	7135	7/31/2015	8/3/2015	Tnni1	Dr. Jian-Ping Jin	published	http://www.sciencedirect.com/science/article/pii/S0378111915012603	http://www.ncbi.nlm.nih.gov/pubmed/26526134	Complete	https://en.wikipedia.org/wiki/TNNI1	"Cardiac Gene, submitted improperly"	Template used		Andrew		completed	141.217.154.50	5798203
4*	7136	7/31/2015	8/3/2015	Tnni2	Dr. Jian-Ping Jin	published	http://www.sciencedirect.com/science/article/pii/S0378111915012603	http://www.ncbi.nlm.nih.gov/pubmed/26526134	Complete	https://en.wikipedia.org/wiki/TNNI2	"Cardiac Gene, submitted improperly"	Template used		Andrew				5798203
4*	7137	7/31/2015	8/3/2015	Tnni3	Dr. Jian-Ping Jin	published	http://www.sciencedirect.com/science/article/pii/S0378111915012603	http://www.ncbi.nlm.nih.gov/pubmed/26526134	Complete	https://en.wikipedia.org/wiki/TNNI3	"Cardiac Gene, submitted improperly"	Template used		Andrew				5798203
5	182	4/24/2015	8/10/2015	JAG1	Dr. Nancy B Spinner	published	http://www.sciencedirect.com/science/article/pii/S0378111915012986	http://www.ncbi.nlm.nih.gov/pubmed/26548814	Complete	http://en.wikipedia.org/wiki/JAG1	Cardiac Gene	Template Used		Andrew		completed	159.14.241.235	4673022
7	55768	9/30/2015	9/28/2015	NGLY1	Dr. Tadashi Suzuki	published	http://www.sciencedirect.com/science/article/pii/S0378111915014304	http://www.ncbi.nlm.nih.gov/pubmed/26611529	Complete	http://en.wikipedia.org/wiki/NGLY1 	NGLY1 series	Template used		Andrew		completed	147.47.222.169	4691572
5	5566	10/1/2015	10/2/2015	PRKACA	Dr. John D. Scott and Rigney Turnham	published	http://www.sciencedirect.com/science/article/pii/S0378111915014882	http://www.ncbi.nlm.nih.gov/pubmed/26687711	Complete	http://en.wikipedia.org/wiki/PRKACA	Cardiac Gene	Template used		Erica		completed	50.135.187.135	4713328
3*	6337	9/4/2015	9/8/2015	SCNN1A	Dr. Israel Hanukoglu	published	http://www.sciencedirect.com/science/article/pii/S0378111915015735	http://www.ncbi.nlm.nih.gov/pubmed/26772908	Complete	http://en.wikipedia.org/wiki/SCNN1A		Template used		Andrew		completed	79.183.19.83	4756657
3*	6338	9/4/2015	9/8/2015	SCNN1B	Dr. Israel Hanukoglu	published	http://www.sciencedirect.com/science/article/pii/S0378111915015735	http://www.ncbi.nlm.nih.gov/pubmed/26772908	Complete	http://en.wikipedia.org/wiki/SCNN1B		Template used		Andrew			37.26.148.223	4756657
3*	6340	9/4/2015	9/8/2015	SCNN1G	Dr. Israel Hanukoglu	published	http://www.sciencedirect.com/science/article/pii/S0378111915015735	http://www.ncbi.nlm.nih.gov/pubmed/26772908	Complete	http://en.wikipedia.org/wiki/SCNN1G		Template used		Andrew				4756657
3*	6339	9/4/2015	9/8/2015	SCNN1D	Dr. Israel Hanukoglu	published	http://www.sciencedirect.com/science/article/pii/S0378111915015735	http://www.ncbi.nlm.nih.gov/pubmed/26772908	Complete	http://en.wikipedia.org/wiki/SCNN1D		Template used		Andrew				4756657
4*	7138	8/31/2015	10/23/2015	Tnnt1	Dr. Jian-Ping Jin	published	http://www.sciencedirect.com/science/article/pii/S0378111916000378	http://www.ncbi.nlm.nih.gov/pubmed/26774798	Complete	https://en.wikipedia.org/wiki/TNNT1	Cardiac Gene	Template used		Erica		completed		5325693
4*	7139	8/31/2015	10/23/2015	Tnnt2	Dr. Jian-Ping Jin	published	http://www.sciencedirect.com/science/article/pii/S0378111916000378	http://www.ncbi.nlm.nih.gov/pubmed/26774798	Complete	https://en.wikipedia.org/wiki/TNNT2	Cardiac Gene	Template used		Erica				5325693
4*	7140	8/31/2015	10/23/2015	Tnnt3	Dr. Jian-Ping Jin	published	http://www.sciencedirect.com/science/article/pii/S0378111916000378	http://www.ncbi.nlm.nih.gov/pubmed/26774798	Complete	https://en.wikipedia.org/wiki/TNNT3	Cardiac Gene	Template used		Erica				5325693
8	57504			MTA3	Dr. Rakesh Kumar	published	http://www.sciencedirect.com/science/article/pii/S037811191630052X	http://www.ncbi.nlm.nih.gov/pubmed/26869315	Complete	http://en.wikipedia.org/wiki/MTA3		Template used		Erica		sent		4785049
8*	9219			MTA2	Dr. Rakesh Kumar	published	http://www.sciencedirect.com/science/article/pii/S037811191630052X	http://www.ncbi.nlm.nih.gov/pubmed/26869315	Complete	http://en.wikipedia.org/wiki/MTA2		Template used		Erica				4785049
8*	9112			MTA1	Dr. Rakesh Kumar	published	http://www.sciencedirect.com/science/article/pii/S037811191630052X	http://www.ncbi.nlm.nih.gov/pubmed/26869315	Complete	http://en.wikipedia.org/wiki/MTA1		Template used		Erica				4785049
8	57167	12/15/2015	12/14/2015	SALL4	Dr. Li Chai	published	http://www.sciencedirect.com/science/article/pii/S0378111916300725	http://www.ncbi.nlm.nih.gov/pubmed/26892498	Complete	http://en.wikipedia.org/wiki/SALL4		Template used		Erica		completed	98.229.129.106	4823161
1	6288	7/31/2015	8/7/2015	SAA1	Dr. Richard Ye	published	http://www.sciencedirect.com/science/article/pii/S0378111916301408	http://www.ncbi.nlm.nih.gov/pubmed/26945629	Complete	https://en.wikipedia.org/wiki/Serum_amyloid_A1		Template used		Andrew		sent		5683722
7	7415			VCP	Dr. Yihong Ye	published	http://www.sciencedirect.com/science/article/pii/S0378111916301251	http://www.ncbi.nlm.nih.gov/pubmed/26945625	Complete	http://en.wikipedia.org/wiki/Valosin-containing_protein 	NGLY1 series	"Template used, but links excluded"		Erica		sent		4821690
4*	1264	9/1/2015	10/23/2015	Cnn1	Dr. Jian-Ping Jin	published	http://www.sciencedirect.com/science/article/pii/S0378111916301238	https://www.ncbi.nlm.nih.gov/pubmed/26970176	Complete	"https://en.wikipedia.org/wiki/Calponin_1,_basic,_smooth_muscle"	Cardiac gene	Template used		Erica		completed		5325697
4*	1265	9/1/2015	10/23/2015	Cnn2	Dr. Jian-Ping Jin	published	http://www.sciencedirect.com/science/article/pii/S0378111916301238	https://www.ncbi.nlm.nih.gov/pubmed/26970176	Complete	https://en.wikipedia.org/wiki/Calponin_2	Cardiac gene	Template used		Erica				5325697
4*	1266	9/1/2015	10/23/2015	Cnn3	Dr. Jian-Ping Jin	published	http://www.sciencedirect.com/science/article/pii/S0378111916301238	https://www.ncbi.nlm.nih.gov/pubmed/26970176	Complete	"https://en.wikipedia.org/wiki/Calponin_3,_acidic"	Cardiac gene	Template used		Erica				5325697
8	4779	12/18/2015	12/8/2015	NFE2L1	Dr. Jefferson Y. Chan	published	http://www.sciencedirect.com/science/article/pii/S0378111916301469	https://www.ncbi.nlm.nih.gov/pubmed/26947393	Complete	http://en.wikipedia.org/wiki/NFE2L1		Template used	yes	Erica		sent		6636332
8*	27043	11/30/2015	11/4/2015	PELP1	Dr. Ratna K Vadlamudi	published	http://www.sciencedirect.com/science/article/pii/S0378111916301627	https://www.ncbi.nlm.nih.gov/pubmed/26997260	Complete	https://en.wikipedia.org/wiki/PELP-1		Template used		Erica		sent		4838531
8	122953	1/16/2016	1/7/2016	Jun dimerization protein 2	Dr. Kazunari K Yokoyama	published	http://www.sciencedirect.com/science/article/pii/S0378111916302384	https://www.ncbi.nlm.nih.gov/pubmed/27041241	Complete	https://en.wikipedia.org/wiki/Jun_dimerization_protein		Template used		Erica		completed	163.15.154.31	6639046
5	1535			CYBA	Dr. Marie-José Stasia	published	http://www.sciencedirect.com/science/article/pii/S0378111916302402	https://www.ncbi.nlm.nih.gov/pubmed/27048830	Complete	"http://en.wikipedia.org/wiki/Cytochrome_b-245,_alpha_polypeptide"	Cardiac Gene	Template used		Erica		completed	176.153.68.203	5637546
8	4097			MAFG	Dr. Fumiki Katsuoka (associate of Dr. Masayuki yamamoto)	published	http://www.sciencedirect.com/science/article/pii/S0378111916302487	https://www.ncbi.nlm.nih.gov/pubmed/27058431	Complete	http://en.wikipedia.org/wiki/MAFG		Template used		Erica		sent		4911266
8*	7975			MAFK	Dr. Fumiki Katsuoka (associate of Dr. Masayuki yamamoto)	published	http://www.sciencedirect.com/science/article/pii/S0378111916302487	https://www.ncbi.nlm.nih.gov/pubmed/27058431	Complete	http://en.wikipedia.org/wiki/MAFK		Template used		Erica				4911266
8*	23764			MAFF	Dr. Fumiki Katsuoka (associate of Dr. Masayuki yamamoto)	published	http://www.sciencedirect.com/science/article/pii/S0378111916302487	https://www.ncbi.nlm.nih.gov/pubmed/27058431	Complete	https://en.wikipedia.org/wiki/MAFF_(gene)		Template used		Erica				4911266
2	3292	6/22/2015	7/2/2015	HSD17B1	Dr. Sheng-Xiang Lin	published	http://www.sciencedirect.com/science/article/pii/S0378111916303018	http://www.ncbi.nlm.nih.gov/pubmed/27102893	"Completed, but reverted needs manually addition"	http://en.wikipedia.org/wiki/HSD17B1		Template used		Andrew		sent		6649686
7	64102			TNMD	Dr. Denitsa Docheva	published	http://www.sciencedirect.com/science/article/pii/S0378111916303213	http://www.ncbi.nlm.nih.gov/pubmed/27129941	Complete	http://en.wikipedia.org/wiki/TNMD 	NGLY1 series	"Template used, no link"		Erica		sent		4897592
8	79960	2/1/2016		PHF17	Dr. Maria Panchenko	published	http://www.sciencedirect.com/science/article/pii/S0378111916303596	http://www.ncbi.nlm.nih.gov/pubmed/27155521	Complete	http://en.wikipedia.org/wiki/PHF17		Template used		Israel				4903948
8	7003			TEAD1	Dr. Flagiello	published	http://www.sciencedirect.com/science/article/pii/S0378111916305546	http://www.ncbi.nlm.nih.gov/pubmed/27421669	Complete	http://en.wikipedia.org/wiki/TEAD1		Template used		Israel				7034536
8*	8463			TEAD2	Dr. Flagiello	published	http://www.sciencedirect.com/science/article/pii/S0378111916305546	http://www.ncbi.nlm.nih.gov/pubmed/27421669	Complete	http://en.wikipedia.org/wiki/TEAD2		Template used		Israel				7034536
5*	5581	1/1/2016	1/4/2016	PRKCE	Dr. Sarah Scruggs	published	http://www.sciencedirect.com/science/article/pii/S0378111916304802	http://www.ncbi.nlm.nih.gov/pubmed/27312950	Complete	http://en.wikipedia.org/wiki/PRKCE	Cardiac Gene	Template used		Erica				5366072
5*	23704			KCNE4	Dr. Geoffrey W. Abbott	published	http://www.sciencedirect.com/science/article/pii/S0378111916306151	https://www.ncbi.nlm.nih.gov/pubmed/27484720	Complete	https://en.wikipedia.org/wiki/KCNE4	Cardiac Gene	Template used		Erica				5166581
5*	23630			KCNE5	Dr. Geoffrey W. Abbott	published	http://www.sciencedirect.com/science/article/pii/S0378111916306151	https://www.ncbi.nlm.nih.gov/pubmed/27484720	Complete	https://en.wikipedia.org/wiki/KCNE5	Cardiac Gene	Template used		Erica				5166581
8*	5424			POLD1	Dr. Sanjeevani Arora 	published	http://www.sciencedirect.com/science/article/pii/S0378111916304942	http://www.ncbi.nlm.nih.gov/pubmed/27320729	Complete	https://en.wikipedia.org/wiki/POLD1	--	Template used	yes	Israel				4969162
5	116519	7/31/2015	7/26/2015	APOA5	Dr. Jaroslav Alois Hubacek	published	http://www.sciencedirect.com/science/article/pii/S0378111916306163	https://www.ncbi.nlm.nih.gov/pubmed/27496343	Complete	https://en.wikipedia.org/wiki/APOA5	"Cardiac Gene, submitted improperly"	"Template used, no link"		Andrew				7108956
2	3605	6/8/2015		IL17A	Dr. Jay Kolls	published	http://www.sciencedirect.com/science/article/pii/S0378111917300409	https://www.ncbi.nlm.nih.gov/pubmed/28122268	Complete	http://en.wikipedia.org/wiki/IL17A		Template used		Andrew				5394985
7	5887	10/10/2015	10/20/2015	RAD23B	Dr. Fumio Hanaoka	"Accepted due to handling errors, withrawn"	http://www.sciencedirect.com/science/article/pii/S0378111916308332	https://www.ncbi.nlm.nih.gov/pubmed/27771451	Not yet updated	http://en.wikipedia.org/wiki/RAD23B	NGLY1 series	Template used		Erica				NIHMS: 964889
7	5886	10/10/2015	10/20/2015	RAD23A	Dr. Fumio Hanaoka	"Accepted due to handling errors, withrawn"	http://www.sciencedirect.com/science/article/pii/S0378111916308332	https://www.ncbi.nlm.nih.gov/pubmed/27771451	Not yet updated	http://en.wikipedia.org/wiki/RAD23A	NGLY1 series	Template used		Erica				NIHMS: 964889
5	2200	2/1/2016	2/1/2016	FBN1	Dr. Lynn Y Sakai	published	http://www.sciencedirect.com/science/article/pii/S0378111916305595	https://www.ncbi.nlm.nih.gov/pubmed/27437668	Complete	http://en.wikipedia.org/wiki/FBN1	Cardiac Gene	"Template used, no link"		Israel				6639799
8*	5058			PAK1	Dr. Rakesh Kumar	published	http://www.sciencedirect.com/science/article/pii/S0378111916309817	https://www.ncbi.nlm.nih.gov/pubmed/28007610	Complete	https://en.wikipedia.org/wiki/PAK1		Template used		Andrew				5250584
8*	5062			PAK2	Dr. Rakesh Kumar	published	http://www.sciencedirect.com/science/article/pii/S0378111916309817	https://www.ncbi.nlm.nih.gov/pubmed/28007610	Complete	https://en.wikipedia.org/wiki/PAK2		Template used		Andrew				5250584
8*	5063			PAK3	Dr. Rakesh Kumar	published	http://www.sciencedirect.com/science/article/pii/S0378111916309817	https://www.ncbi.nlm.nih.gov/pubmed/28007610	Complete	https://en.wikipedia.org/wiki/PAK3		Template used		Andrew				5250584
8*	10298			PAK4	Dr. Rakesh Kumar	published	http://www.sciencedirect.com/science/article/pii/S0378111916309817	https://www.ncbi.nlm.nih.gov/pubmed/28007610	Complete	https://en.wikipedia.org/wiki/PAK4		Template used		Andrew				5250584
8*	56924			PAK6	Dr. Rakesh Kumar	published	http://www.sciencedirect.com/science/article/pii/S0378111916309817	https://www.ncbi.nlm.nih.gov/pubmed/28007610	Complete	https://en.wikipedia.org/wiki/PAK6		Template used		Andrew				5250584
8*	57144			PAK7	Dr. Rakesh Kumar	published	http://www.sciencedirect.com/science/article/pii/S0378111916309817	https://www.ncbi.nlm.nih.gov/pubmed/28007610	Complete	https://en.wikipedia.org/wiki/PAK7		Template used		Andrew				5250584
9	9314			KLF4	Dr. Vincent W. Yang	published	http://www.sciencedirect.com/science/article/pii/S0378111917301142	https://www.ncbi.nlm.nih.gov/pubmed/28237823	Complete	https://en.wikipedia.org/wiki/KLF4		Template used		Andrew				5391259
7	771			CA12	Dr. Abdul Waheed	published	http://www.sciencedirect.com/science/article/pii/S0378111917302780	https://www.ncbi.nlm.nih.gov/pubmed/28433659	Done (but short)	https://en.wikipedia.org/wiki/CA12	NGLY1 Series	Template used		Israel				5851007
9	5156			PDGFRA	Dr. Andrius Kazlauskas	published	http://www.sciencedirect.com/science/article/pii/S0378111917301385	https://www.ncbi.nlm.nih.gov/pubmed/28267575	Complete	https://en.wikipedia.org/wiki/PDGFRA		Template used		Erica				6728141
9	5159			PDGFRB	Dr. Andrius Kazlauskas	published	http://www.sciencedirect.com/science/article/pii/S0378111917301385	https://www.ncbi.nlm.nih.gov/pubmed/28267575	Complete	https://en.wikipedia.org/wiki/PDGFRB		Template used		Erica				6728141
	3309			HSPA5	Dr. Peipei Ping	published	http://www.sciencedirect.com/science/article/pii/S0378111917301403	https://www.ncbi.nlm.nih.gov/pubmed/28286085	Complete	https://en.wikipedia.org/wiki/Binding_immunoglobulin_protein	Cardiac Gene	Template used		Israel				5632570
9	8085			KMT2D	Dr. Kai Ge	published	http://www.sciencedirect.com/science/article/pii/S0378111917305061	https://www.ncbi.nlm.nih.gov/pubmed/28669924	Complete	https://en.wikipedia.org/wiki/MLL2		Template used		Erica				5546304
9	4627			MYH9	Dr. Alessandro Pecci	published	https://www.sciencedirect.com/science/article/pii/S0378111918304165?via%3Dihub	https://www.ncbi.nlm.nih.gov/pubmed/29679756	Complete	https://en.wikipedia.org/wiki/MYH9		Template used		Erica				5970098
9	201163	3/31/2017	6/23/2017	FLCN	Dr. W. Marston Linehan / Dr. Laura Schmidt	published	https://www.sciencedirect.com/science/article/pii/S037811191730776X?via%3Dihub	https://www.ncbi.nlm.nih.gov/pubmed/28970150	Complete	https://en.wikipedia.org/wiki/Folliculin		Template used		Erica				5682220
10	5813			PURA	Dr. Edward M. Johnson	published	https://www.sciencedirect.com/science/article/pii/S037811191731048X?via%3Dihub	https://www.ncbi.nlm.nih.gov/pubmed/29221753	Complete	https://en.wikipedia.org/wiki/PURA	Rare disease Genes	Template used		Israel				5770235
9	5077			PAX3	Dr. Frederic G. Barr	published	https://www.sciencedirect.com/science/article/pii/S0378111918304694?via%3Dihub#s0105	https://www.ncbi.nlm.nih.gov/pubmed/29730428	"Complete, but references need fixing"	https://en.wikipedia.org/wiki/PAX3		Template used		Erica				6624083
9	4602			MYB	Dr. Swee Lay Thein	"accepted due to handling errors, in press"	https://www.sciencedirect.com/science/article/pii/S0378111918304396?via%3Dihub#s0060	https://www.ncbi.nlm.nih.gov/pubmed/29704633	Not yet updated			Template not used		Israel				
10	6499			SKIV2L	Dr. Cathryn Poulton	published	https://www.sciencedirect.com/science/article/pii/S0378111919301933?via%3Dihub	https://www.ncbi.nlm.nih.gov/pubmed/30844479	Complete	https://en.wikipedia.org/wiki/SKIV2L	Rare disease genes	Template used		Erica				7872052
10	1281		5/1/2019	COL3A1	Dr. Helena Kuivaniemi	published	https://www.sciencedirect.com/science/article/pii/S0378111919304652?via%3Dihub	https://www.ncbi.nlm.nih.gov/pubmed/31075413	Complete	"https://en.wikipedia.org/wiki/Collagen,_type_III,_alpha_1"	Rare disease genes	Template used		Erica				6579750
10	1453	4/30/2019	5/1/2019	CSNK1D	Dr. Uwe Knippschild	published	https://www.sciencedirect.com/science/article/pii/S037811191930664X?via%3Dihub	https://www.ncbi.nlm.nih.gov/pubmed/31376410	Complete	https://en.wikipedia.org/wiki/CSNK1D	Rare disease genes	Template used		Erica				7939460
10	6926			TBX3	Dr. Sharon Prince	published	https://www.sciencedirect.com/science/article/pii/S0378111919308820?via%3Dihub	https://www.ncbi.nlm.nih.gov/pubmed/31669645	Complete	https://en.wikipedia.org/wiki/TBX3	Rare disease genes	Template used		Israel				7108957
9	6901	4/30/2019	5/1/2019	TAZ	Anders Garlid	published	https://www.sciencedirect.com/science/article/pii/S0378111919308078?via%3Dihub	https://www.ncbi.nlm.nih.gov/pubmed/31647997	Complete	https://en.wikipedia.org/wiki/Tafazzin	Cardiac Gene	Template used		Israel				7646589
9	3441			IFNL4	Dr. Thomas R. O'Brien	published	https://www.sciencedirect.com/science/article/pii/S0378111919309485?via%3Dihub	https://www.ncbi.nlm.nih.gov/pubmed/31846709	Complete	https://en.wikipedia.org/wiki/IFNL4	Rare disease genes	"Template used, no link"		Erica				NIHMS: 1548832
10	3694			ITGB6	Dr. John F Marshall	published	https://www.sciencedirect.com/science/article/pii/S2590158319300208		Complete	https://en.wikipedia.org/wiki/Integrin_beta_6	Rare disease genes			Other				
9	439921	8/1/2019	7/31/2019	MXRA7	Dr. Yiqiang Wang	Rejected	Submitted elsewhere		Not yet updated	https://en.wikipedia.org/wiki/MXRA7		Template used		Israel				
10	4281	MID1		MID1	Dr. Germana Meroni	published	https://www.sciencedirect.com/science/article/abs/pii/S0378111920303243?via%3Dihub	https://pubmed.ncbi.nlm.nih.gov/32283114/	Complete	https://en.wikipedia.org/wiki/MID1	Rare disease genes	Template used		Israel				8011326
10	8243			SMC1A	Dr. Antonio Musio	published	https://www.sciencedirect.com/science/article/abs/pii/S037811192030281X?via%3Dihub	https://pubmed.ncbi.nlm.nih.gov/32222533/	Complete	https://en.wikipedia.org/wiki/SMC1A	Rare disease genes	Template used		Erica				8011328
10	1184			CLCN5	Dr. Franca Anglani	published	https://www.sciencedirect.com/science/article/abs/pii/S0378111920303310?via%3Dihub	https://pubmed.ncbi.nlm.nih.gov/32289351/	Complete	https://en.wikipedia.org/wiki/CLCN5	Rare disease genes	Template used		Erica				7402612
11	347			APOD	Dr. Eric Rassart	published	https://www.sciencedirect.com/science/article/abs/pii/S0378111920305436?via%3Dihub	https://pubmed.ncbi.nlm.nih.gov/32554047/	Complete	https://en.wikipedia.org/wiki/Apolipoprotein_D	Alzheimer disease genes	Template used		Erica				8011330
10	5885			RAD21	Dr. Debananda Pati	published	https://www.sciencedirect.com/science/article/abs/pii/S0378111920306351?via%3Dihub	https://pubmed.ncbi.nlm.nih.gov/32687945/	Complete	https://en.wikipedia.org/wiki/RAD21	Rare disease genes	Template used		Erica				7949736
10	56246			MRAP	Dr. Caroline Smith	published	https://www.sciencedirect.com/science/article/abs/pii/S0378111920306181?via%3Dihub	https://pubmed.ncbi.nlm.nih.gov/32679290/	Complete	https://en.wikipedia.org/wiki/Melanocortin_2_receptor_accessory_protein	Rare disease genes	Template used		Andrew				8459444
10	112609			MRAP2	Dr. Caroline Smith	published	https://www.sciencedirect.com/science/article/abs/pii/S0378111920306181?via%3Dihub	https://pubmed.ncbi.nlm.nih.gov/32679290/	Complete	https://en.wikipedia.org/wiki/MRAP2	Rare disease genes	Template used		Andrew				8459444
11	8997			KALRN	Dr. Peter Penzes	published	https://www.sciencedirect.com/science/article/abs/pii/S0378111920309756?via%3Dihub	https://pubmed.ncbi.nlm.nih.gov/33189799/	Complete	https://en.wikipedia.org/wiki/Kalirin	Alzheimer disease genes			Stephen				7803032
10	5311			PKD2	Dr. Horacio F. Cantiello 	Rejected			Not yet updated	https://en.wikipedia.org/wiki/Polycystin_2	Rare disease genes			Israel				
11	2108			ETFA	Dr. Peter Bross	published	https://www.sciencedirect.com/science/article/abs/pii/S0378111921000019?via%3Dihub	https://pubmed.ncbi.nlm.nih.gov/33450351/	Complete	https://en.wikipedia.org/wiki/ETFA	Alzheimer disease genes	Template used		Israel				7949704
11	2109			ETFB	Dr. Peter Bross	published	https://www.sciencedirect.com/science/article/abs/pii/S0378111921000019?via%3Dihub	https://pubmed.ncbi.nlm.nih.gov/33450351/	Complete	https://en.wikipedia.org/wiki/ETFB	Alzheimer disease genes	Template used		Israel				7949704
11	10347			ABCA7	Dr. Sumiko Abe-Dohmae	published	https://www.sciencedirect.com/science/article/abs/pii/S0378111920309859?via%3Dihub	https://pubmed.ncbi.nlm.nih.gov/33221536/	Complete	https://en.wikipedia.org/wiki/ABCA7	Alzheimer disease genes			Stephen				7959064
10	8241			RBM10	Dr. Akira Inoue	published	https://www.sciencedirect.com/science/article/pii/S0378111921000573?via%3Dihub	https://pubmed.ncbi.nlm.nih.gov/33515724/	Complete	https://en.wikipedia.org/wiki/RBM10	Rare disease genes			Erica				
10	221074			SLC39A12	Dr. Winyoo Chowanadisai	published	https://www.sciencedirect.com/science/article/pii/S0378111921004194?via%3Dihub	https://pubmed.ncbi.nlm.nih.gov/34252531/	Complete	https://en.wikipedia.org/wiki/Zinc_transporter_ZIP12	Rare disease genes	Template used		Stephen				8318780
11	2561			GABRB2	Dr. Hong Xue	accepted	https://www.sciencedirect.com/science/article/abs/pii/S0378111921006168?via%3Dihub	https://pubmed.ncbi.nlm.nih.gov/34673206/	Complete	https://en.wikipedia.org/wiki/GABRB2	Alzheimer disease genes	"Template used, missing link"		Stephen				
10	23287			AGTPBP1	Dr. Robert Lalonde	published	https://www.sciencedirect.com/science/article/abs/pii/S0378111921005965	https://pubmed.ncbi.nlm.nih.gov/34637898/	Complete	https://en.wikipedia.org/wiki/AGTPBP1_(gene)	Rare disease genes			Erica				
10	5311			PKD2	Dr. Horacio F. Cantiello 	Revise--Major Revision			Not yet updated	https://en.wikipedia.org/wiki/Polycystin_2	Rare disease genes			Stephen				
10	31207	Probable E3 ubiquitin-protein ligase HERC1	HERC1	HERC1	Dr. Robert Lalonde	Revise--Major Revision			Not yet updated		Rare disease genes			Erica				
10	65266			WNK4	Dr. Ji‐Bin Peng	Revise--Minor Revision			Complete	https://en.wikipedia.org/wiki/WNK4	Rare disease genes	Template used		Erica				
10	55503			TRPV6	Dr. Ji‐Bin Peng	Revise--Minor Revision			Complete	https://en.wikipedia.org/wiki/TRPV6	Rare disease genes	Template used		Erica				
